,filename,entry number
77193,is2res_total_train_val_test_lmdbs/data/oc22/is2re-total/train/data.0000.lmdb,31
78328,is2res_total_train_val_test_lmdbs/data/oc22/is2re-total/train/data.0000.lmdb,63
68776,is2res_total_train_val_test_lmdbs/data/oc22/is2re-total/train/data.0000.lmdb,170
31662,is2res_total_train_val_test_lmdbs/data/oc22/is2re-total/train/data.0000.lmdb,208
70527,is2res_total_train_val_test_lmdbs/data/oc22/is2re-total/train/data.0000.lmdb,303
12591,is2res_total_train_val_test_lmdbs/data/oc22/is2re-total/train/data.0000.lmdb,533
31561,is2res_total_train_val_test_lmdbs/data/oc22/is2re-total/train/data.0000.lmdb,561
26301,is2res_total_train_val_test_lmdbs/data/oc22/is2re-total/train/data.0000.lmdb,624
4818,is2res_total_train_val_test_lmdbs/data/oc22/is2re-total/train/data.0000.lmdb,668
14267,is2res_total_train_val_test_lmdbs/data/oc22/is2re-total/train/data.0000.lmdb,778
15627,is2res_total_train_val_test_lmdbs/data/oc22/is2re-total/train/data.0001.lmdb,185
25254,is2res_total_train_val_test_lmdbs/data/oc22/is2re-total/train/data.0001.lmdb,286
34954,is2res_total_train_val_test_lmdbs/data/oc22/is2re-total/train/data.0001.lmdb,345
45261,is2res_total_train_val_test_lmdbs/data/oc22/is2re-total/train/data.0001.lmdb,594
28389,is2res_total_train_val_test_lmdbs/data/oc22/is2re-total/train/data.0001.lmdb,640
15059,is2res_total_train_val_test_lmdbs/data/oc22/is2re-total/train/data.0001.lmdb,1046
31366,is2res_total_train_val_test_lmdbs/data/oc22/is2re-total/train/data.0001.lmdb,1085
28624,is2res_total_train_val_test_lmdbs/data/oc22/is2re-total/train/data.0002.lmdb,83
7245,is2res_total_train_val_test_lmdbs/data/oc22/is2re-total/train/data.0002.lmdb,102
75438,is2res_total_train_val_test_lmdbs/data/oc22/is2re-total/train/data.0002.lmdb,119
39179,is2res_total_train_val_test_lmdbs/data/oc22/is2re-total/train/data.0002.lmdb,333
22584,is2res_total_train_val_test_lmdbs/data/oc22/is2re-total/train/data.0002.lmdb,378
71905,is2res_total_train_val_test_lmdbs/data/oc22/is2re-total/train/data.0002.lmdb,559
13799,is2res_total_train_val_test_lmdbs/data/oc22/is2re-total/train/data.0002.lmdb,660
12646,is2res_total_train_val_test_lmdbs/data/oc22/is2re-total/train/data.0002.lmdb,694
29464,is2res_total_train_val_test_lmdbs/data/oc22/is2re-total/train/data.0002.lmdb,869
6904,is2res_total_train_val_test_lmdbs/data/oc22/is2re-total/train/data.0002.lmdb,920
27315,is2res_total_train_val_test_lmdbs/data/oc22/is2re-total/train/data.0003.lmdb,45
17436,is2res_total_train_val_test_lmdbs/data/oc22/is2re-total/train/data.0003.lmdb,453
33198,is2res_total_train_val_test_lmdbs/data/oc22/is2re-total/train/data.0003.lmdb,578
22872,is2res_total_train_val_test_lmdbs/data/oc22/is2re-total/train/data.0003.lmdb,630
136,is2res_total_train_val_test_lmdbs/data/oc22/is2re-total/train/data.0003.lmdb,647
77686,is2res_total_train_val_test_lmdbs/data/oc22/is2re-total/train/data.0003.lmdb,953
5208,is2res_total_train_val_test_lmdbs/data/oc22/is2re-total/train/data.0003.lmdb,973
17011,is2res_total_train_val_test_lmdbs/data/oc22/is2re-total/train/data.0003.lmdb,1100
8303,is2res_total_train_val_test_lmdbs/data/oc22/is2re-total/train/data.0004.lmdb,179
37189,is2res_total_train_val_test_lmdbs/data/oc22/is2re-total/train/data.0004.lmdb,352
27834,is2res_total_train_val_test_lmdbs/data/oc22/is2re-total/train/data.0004.lmdb,425
24765,is2res_total_train_val_test_lmdbs/data/oc22/is2re-total/train/data.0004.lmdb,879
27728,is2res_total_train_val_test_lmdbs/data/oc22/is2re-total/train/data.0004.lmdb,886
19706,is2res_total_train_val_test_lmdbs/data/oc22/is2re-total/train/data.0004.lmdb,927
4229,is2res_total_train_val_test_lmdbs/data/oc22/is2re-total/train/data.0005.lmdb,73
16829,is2res_total_train_val_test_lmdbs/data/oc22/is2re-total/train/data.0005.lmdb,129
1718,is2res_total_train_val_test_lmdbs/data/oc22/is2re-total/train/data.0005.lmdb,185
13062,is2res_total_train_val_test_lmdbs/data/oc22/is2re-total/train/data.0005.lmdb,302
75521,is2res_total_train_val_test_lmdbs/data/oc22/is2re-total/train/data.0005.lmdb,366
13106,is2res_total_train_val_test_lmdbs/data/oc22/is2re-total/train/data.0005.lmdb,374
82397,is2res_total_train_val_test_lmdbs/data/oc22/is2re-total/train/data.0005.lmdb,441
4802,is2res_total_train_val_test_lmdbs/data/oc22/is2re-total/train/data.0005.lmdb,661
19633,is2res_total_train_val_test_lmdbs/data/oc22/is2re-total/train/data.0005.lmdb,1093
12291,is2res_total_train_val_test_lmdbs/data/oc22/is2re-total/train/data.0006.lmdb,606
39381,is2res_total_train_val_test_lmdbs/data/oc22/is2re-total/train/data.0006.lmdb,757
35952,is2res_total_train_val_test_lmdbs/data/oc22/is2re-total/train/data.0006.lmdb,986
76585,is2res_total_train_val_test_lmdbs/data/oc22/is2re-total/train/data.0007.lmdb,64
70069,is2res_total_train_val_test_lmdbs/data/oc22/is2re-total/train/data.0007.lmdb,81
14048,is2res_total_train_val_test_lmdbs/data/oc22/is2re-total/train/data.0007.lmdb,213
77427,is2res_total_train_val_test_lmdbs/data/oc22/is2re-total/train/data.0007.lmdb,321
20016,is2res_total_train_val_test_lmdbs/data/oc22/is2re-total/train/data.0007.lmdb,395
73043,is2res_total_train_val_test_lmdbs/data/oc22/is2re-total/train/data.0007.lmdb,505
1732,is2res_total_train_val_test_lmdbs/data/oc22/is2re-total/train/data.0007.lmdb,528
29866,is2res_total_train_val_test_lmdbs/data/oc22/is2re-total/train/data.0007.lmdb,536
9433,is2res_total_train_val_test_lmdbs/data/oc22/is2re-total/train/data.0007.lmdb,794
13302,is2res_total_train_val_test_lmdbs/data/oc22/is2re-total/train/data.0007.lmdb,914
40049,is2res_total_train_val_test_lmdbs/data/oc22/is2re-total/train/data.0007.lmdb,1010
26464,is2res_total_train_val_test_lmdbs/data/oc22/is2re-total/train/data.0008.lmdb,3
35910,is2res_total_train_val_test_lmdbs/data/oc22/is2re-total/train/data.0008.lmdb,218
19765,is2res_total_train_val_test_lmdbs/data/oc22/is2re-total/train/data.0008.lmdb,320
29082,is2res_total_train_val_test_lmdbs/data/oc22/is2re-total/train/data.0008.lmdb,327
12393,is2res_total_train_val_test_lmdbs/data/oc22/is2re-total/train/data.0008.lmdb,393
76726,is2res_total_train_val_test_lmdbs/data/oc22/is2re-total/train/data.0008.lmdb,633
69625,is2res_total_train_val_test_lmdbs/data/oc22/is2re-total/train/data.0008.lmdb,843
20281,is2res_total_train_val_test_lmdbs/data/oc22/is2re-total/train/data.0008.lmdb,988
40566,is2res_total_train_val_test_lmdbs/data/oc22/is2re-total/train/data.0008.lmdb,1082
29535,is2res_total_train_val_test_lmdbs/data/oc22/is2re-total/train/data.0009.lmdb,88
15348,is2res_total_train_val_test_lmdbs/data/oc22/is2re-total/train/data.0009.lmdb,126
9043,is2res_total_train_val_test_lmdbs/data/oc22/is2re-total/train/data.0009.lmdb,129
70146,is2res_total_train_val_test_lmdbs/data/oc22/is2re-total/train/data.0009.lmdb,401
4803,is2res_total_train_val_test_lmdbs/data/oc22/is2re-total/train/data.0009.lmdb,405
3783,is2res_total_train_val_test_lmdbs/data/oc22/is2re-total/train/data.0009.lmdb,599
18373,is2res_total_train_val_test_lmdbs/data/oc22/is2re-total/train/data.0009.lmdb,685
7682,is2res_total_train_val_test_lmdbs/data/oc22/is2re-total/train/data.0009.lmdb,845
78095,is2res_total_train_val_test_lmdbs/data/oc22/is2re-total/train/data.0009.lmdb,893
37772,is2res_total_train_val_test_lmdbs/data/oc22/is2re-total/train/data.0009.lmdb,909
70632,is2res_total_train_val_test_lmdbs/data/oc22/is2re-total/train/data.0009.lmdb,1112
31281,is2res_total_train_val_test_lmdbs/data/oc22/is2re-total/train/data.0010.lmdb,271
34078,is2res_total_train_val_test_lmdbs/data/oc22/is2re-total/train/data.0010.lmdb,680
35440,is2res_total_train_val_test_lmdbs/data/oc22/is2re-total/train/data.0010.lmdb,744
2931,is2res_total_train_val_test_lmdbs/data/oc22/is2re-total/train/data.0010.lmdb,748
69465,is2res_total_train_val_test_lmdbs/data/oc22/is2re-total/train/data.0010.lmdb,783
1006,is2res_total_train_val_test_lmdbs/data/oc22/is2re-total/train/data.0010.lmdb,987
41933,is2res_total_train_val_test_lmdbs/data/oc22/is2re-total/train/data.0011.lmdb,39
76372,is2res_total_train_val_test_lmdbs/data/oc22/is2re-total/train/data.0011.lmdb,345
21086,is2res_total_train_val_test_lmdbs/data/oc22/is2re-total/train/data.0011.lmdb,370
30551,is2res_total_train_val_test_lmdbs/data/oc22/is2re-total/train/data.0011.lmdb,498
15579,is2res_total_train_val_test_lmdbs/data/oc22/is2re-total/train/data.0011.lmdb,502
10578,is2res_total_train_val_test_lmdbs/data/oc22/is2re-total/train/data.0011.lmdb,588
44076,is2res_total_train_val_test_lmdbs/data/oc22/is2re-total/train/data.0011.lmdb,726
36205,is2res_total_train_val_test_lmdbs/data/oc22/is2re-total/train/data.0012.lmdb,1
44997,is2res_total_train_val_test_lmdbs/data/oc22/is2re-total/train/data.0012.lmdb,52
22336,is2res_total_train_val_test_lmdbs/data/oc22/is2re-total/train/data.0012.lmdb,496
69360,is2res_total_train_val_test_lmdbs/data/oc22/is2re-total/train/data.0012.lmdb,542
41687,is2res_total_train_val_test_lmdbs/data/oc22/is2re-total/train/data.0012.lmdb,573
27342,is2res_total_train_val_test_lmdbs/data/oc22/is2re-total/train/data.0012.lmdb,684
25187,is2res_total_train_val_test_lmdbs/data/oc22/is2re-total/train/data.0012.lmdb,970
23579,is2res_total_train_val_test_lmdbs/data/oc22/is2re-total/train/data.0012.lmdb,1016
69496,is2res_total_train_val_test_lmdbs/data/oc22/is2re-total/train/data.0013.lmdb,261
12676,is2res_total_train_val_test_lmdbs/data/oc22/is2re-total/train/data.0013.lmdb,920
145,is2res_total_train_val_test_lmdbs/data/oc22/is2re-total/train/data.0013.lmdb,1025
27699,is2res_total_train_val_test_lmdbs/data/oc22/is2re-total/train/data.0014.lmdb,830
8027,is2res_total_train_val_test_lmdbs/data/oc22/is2re-total/train/data.0015.lmdb,274
32480,is2res_total_train_val_test_lmdbs/data/oc22/is2re-total/train/data.0015.lmdb,302
14895,is2res_total_train_val_test_lmdbs/data/oc22/is2re-total/train/data.0015.lmdb,414
6001,is2res_total_train_val_test_lmdbs/data/oc22/is2re-total/train/data.0015.lmdb,546
19475,is2res_total_train_val_test_lmdbs/data/oc22/is2re-total/train/data.0015.lmdb,651
70606,is2res_total_train_val_test_lmdbs/data/oc22/is2re-total/train/data.0015.lmdb,801
685,is2res_total_train_val_test_lmdbs/data/oc22/is2re-total/train/data.0015.lmdb,813
70826,is2res_total_train_val_test_lmdbs/data/oc22/is2re-total/train/data.0015.lmdb,847
6676,is2res_total_train_val_test_lmdbs/data/oc22/is2re-total/train/data.0015.lmdb,915
29433,is2res_total_train_val_test_lmdbs/data/oc22/is2re-total/train/data.0016.lmdb,79
36056,is2res_total_train_val_test_lmdbs/data/oc22/is2re-total/train/data.0016.lmdb,85
17882,is2res_total_train_val_test_lmdbs/data/oc22/is2re-total/train/data.0016.lmdb,119
73693,is2res_total_train_val_test_lmdbs/data/oc22/is2re-total/train/data.0016.lmdb,508
13140,is2res_total_train_val_test_lmdbs/data/oc22/is2re-total/train/data.0016.lmdb,565
78491,is2res_total_train_val_test_lmdbs/data/oc22/is2re-total/train/data.0016.lmdb,684
26203,is2res_total_train_val_test_lmdbs/data/oc22/is2re-total/train/data.0016.lmdb,710
38729,is2res_total_train_val_test_lmdbs/data/oc22/is2re-total/train/data.0016.lmdb,730
81911,is2res_total_train_val_test_lmdbs/data/oc22/is2re-total/train/data.0016.lmdb,750
39567,is2res_total_train_val_test_lmdbs/data/oc22/is2re-total/train/data.0016.lmdb,842
33906,is2res_total_train_val_test_lmdbs/data/oc22/is2re-total/train/data.0016.lmdb,982
16422,is2res_total_train_val_test_lmdbs/data/oc22/is2re-total/train/data.0016.lmdb,1070
70595,is2res_total_train_val_test_lmdbs/data/oc22/is2re-total/train/data.0017.lmdb,138
19607,is2res_total_train_val_test_lmdbs/data/oc22/is2re-total/train/data.0017.lmdb,354
35658,is2res_total_train_val_test_lmdbs/data/oc22/is2re-total/train/data.0017.lmdb,415
70375,is2res_total_train_val_test_lmdbs/data/oc22/is2re-total/train/data.0017.lmdb,470
9022,is2res_total_train_val_test_lmdbs/data/oc22/is2re-total/train/data.0017.lmdb,483
16609,is2res_total_train_val_test_lmdbs/data/oc22/is2re-total/train/data.0017.lmdb,508
37064,is2res_total_train_val_test_lmdbs/data/oc22/is2re-total/train/data.0017.lmdb,509
18442,is2res_total_train_val_test_lmdbs/data/oc22/is2re-total/train/data.0017.lmdb,669
10666,is2res_total_train_val_test_lmdbs/data/oc22/is2re-total/train/data.0017.lmdb,1031
8287,is2res_total_train_val_test_lmdbs/data/oc22/is2re-total/train/data.0017.lmdb,1072
46038,is2res_total_train_val_test_lmdbs/data/oc22/is2re-total/train/data.0018.lmdb,10
11524,is2res_total_train_val_test_lmdbs/data/oc22/is2re-total/train/data.0018.lmdb,101
6780,is2res_total_train_val_test_lmdbs/data/oc22/is2re-total/train/data.0018.lmdb,174
78575,is2res_total_train_val_test_lmdbs/data/oc22/is2re-total/train/data.0018.lmdb,223
29408,is2res_total_train_val_test_lmdbs/data/oc22/is2re-total/train/data.0018.lmdb,280
28418,is2res_total_train_val_test_lmdbs/data/oc22/is2re-total/train/data.0018.lmdb,442
42309,is2res_total_train_val_test_lmdbs/data/oc22/is2re-total/train/data.0018.lmdb,473
18446,is2res_total_train_val_test_lmdbs/data/oc22/is2re-total/train/data.0018.lmdb,570
22822,is2res_total_train_val_test_lmdbs/data/oc22/is2re-total/train/data.0018.lmdb,600
19028,is2res_total_train_val_test_lmdbs/data/oc22/is2re-total/train/data.0018.lmdb,717
44735,is2res_total_train_val_test_lmdbs/data/oc22/is2re-total/train/data.0018.lmdb,728
44664,is2res_total_train_val_test_lmdbs/data/oc22/is2re-total/train/data.0019.lmdb,80
71607,is2res_total_train_val_test_lmdbs/data/oc22/is2re-total/train/data.0019.lmdb,818
20949,is2res_total_train_val_test_lmdbs/data/oc22/is2re-total/train/data.0019.lmdb,1007
7758,is2res_total_train_val_test_lmdbs/data/oc22/is2re-total/train/data.0020.lmdb,110
33679,is2res_total_train_val_test_lmdbs/data/oc22/is2re-total/train/data.0020.lmdb,267
24658,is2res_total_train_val_test_lmdbs/data/oc22/is2re-total/train/data.0021.lmdb,99
19493,is2res_total_train_val_test_lmdbs/data/oc22/is2re-total/train/data.0021.lmdb,281
12405,is2res_total_train_val_test_lmdbs/data/oc22/is2re-total/train/data.0021.lmdb,299
4892,is2res_total_train_val_test_lmdbs/data/oc22/is2re-total/train/data.0021.lmdb,319
38951,is2res_total_train_val_test_lmdbs/data/oc22/is2re-total/train/data.0021.lmdb,370
17253,is2res_total_train_val_test_lmdbs/data/oc22/is2re-total/train/data.0021.lmdb,510
72805,is2res_total_train_val_test_lmdbs/data/oc22/is2re-total/train/data.0021.lmdb,512
41695,is2res_total_train_val_test_lmdbs/data/oc22/is2re-total/train/data.0021.lmdb,649
10132,is2res_total_train_val_test_lmdbs/data/oc22/is2re-total/train/data.0021.lmdb,741
6205,is2res_total_train_val_test_lmdbs/data/oc22/is2re-total/train/data.0021.lmdb,811
29844,is2res_total_train_val_test_lmdbs/data/oc22/is2re-total/train/data.0021.lmdb,837
7291,is2res_total_train_val_test_lmdbs/data/oc22/is2re-total/train/data.0021.lmdb,889
74466,is2res_total_train_val_test_lmdbs/data/oc22/is2re-total/train/data.0021.lmdb,914
36241,is2res_total_train_val_test_lmdbs/data/oc22/is2re-total/train/data.0021.lmdb,1008
24010,is2res_total_train_val_test_lmdbs/data/oc22/is2re-total/train/data.0021.lmdb,1080
25721,is2res_total_train_val_test_lmdbs/data/oc22/is2re-total/train/data.0022.lmdb,27
17742,is2res_total_train_val_test_lmdbs/data/oc22/is2re-total/train/data.0022.lmdb,279
14615,is2res_total_train_val_test_lmdbs/data/oc22/is2re-total/train/data.0022.lmdb,347
42974,is2res_total_train_val_test_lmdbs/data/oc22/is2re-total/train/data.0022.lmdb,394
21960,is2res_total_train_val_test_lmdbs/data/oc22/is2re-total/train/data.0022.lmdb,1117
9974,is2res_total_train_val_test_lmdbs/data/oc22/is2re-total/train/data.0023.lmdb,16
71752,is2res_total_train_val_test_lmdbs/data/oc22/is2re-total/train/data.0023.lmdb,29
30147,is2res_total_train_val_test_lmdbs/data/oc22/is2re-total/train/data.0023.lmdb,165
15425,is2res_total_train_val_test_lmdbs/data/oc22/is2re-total/train/data.0023.lmdb,241
71085,is2res_total_train_val_test_lmdbs/data/oc22/is2re-total/train/data.0023.lmdb,251
38576,is2res_total_train_val_test_lmdbs/data/oc22/is2re-total/train/data.0023.lmdb,280
14054,is2res_total_train_val_test_lmdbs/data/oc22/is2re-total/train/data.0023.lmdb,336
43620,is2res_total_train_val_test_lmdbs/data/oc22/is2re-total/train/data.0023.lmdb,387
2165,is2res_total_train_val_test_lmdbs/data/oc22/is2re-total/train/data.0023.lmdb,400
72354,is2res_total_train_val_test_lmdbs/data/oc22/is2re-total/train/data.0023.lmdb,551
1208,is2res_total_train_val_test_lmdbs/data/oc22/is2re-total/train/data.0023.lmdb,732
25785,is2res_total_train_val_test_lmdbs/data/oc22/is2re-total/train/data.0023.lmdb,759
6210,is2res_total_train_val_test_lmdbs/data/oc22/is2re-total/train/data.0023.lmdb,892
7402,is2res_total_train_val_test_lmdbs/data/oc22/is2re-total/train/data.0023.lmdb,910
25466,is2res_total_train_val_test_lmdbs/data/oc22/is2re-total/train/data.0023.lmdb,931
72615,is2res_total_train_val_test_lmdbs/data/oc22/is2re-total/train/data.0023.lmdb,1054
29073,is2res_total_train_val_test_lmdbs/data/oc22/is2re-total/train/data.0024.lmdb,292
30143,is2res_total_train_val_test_lmdbs/data/oc22/is2re-total/train/data.0024.lmdb,594
38935,is2res_total_train_val_test_lmdbs/data/oc22/is2re-total/train/data.0024.lmdb,813
8569,is2res_total_train_val_test_lmdbs/data/oc22/is2re-total/train/data.0024.lmdb,841
16356,is2res_total_train_val_test_lmdbs/data/oc22/is2re-total/train/data.0024.lmdb,928
72904,is2res_total_train_val_test_lmdbs/data/oc22/is2re-total/train/data.0024.lmdb,1061
26324,is2res_total_train_val_test_lmdbs/data/oc22/is2re-total/train/data.0024.lmdb,1111
81509,is2res_total_train_val_test_lmdbs/data/oc22/is2re-total/train/data.0025.lmdb,17
1609,is2res_total_train_val_test_lmdbs/data/oc22/is2re-total/train/data.0025.lmdb,137
39186,is2res_total_train_val_test_lmdbs/data/oc22/is2re-total/train/data.0025.lmdb,494
26720,is2res_total_train_val_test_lmdbs/data/oc22/is2re-total/train/data.0025.lmdb,516
32764,is2res_total_train_val_test_lmdbs/data/oc22/is2re-total/train/data.0025.lmdb,529
24158,is2res_total_train_val_test_lmdbs/data/oc22/is2re-total/train/data.0025.lmdb,588
4907,is2res_total_train_val_test_lmdbs/data/oc22/is2re-total/train/data.0025.lmdb,605
30256,is2res_total_train_val_test_lmdbs/data/oc22/is2re-total/train/data.0025.lmdb,692
26107,is2res_total_train_val_test_lmdbs/data/oc22/is2re-total/train/data.0025.lmdb,933
1992,is2res_total_train_val_test_lmdbs/data/oc22/is2re-total/train/data.0026.lmdb,17
27444,is2res_total_train_val_test_lmdbs/data/oc22/is2re-total/train/data.0026.lmdb,31
74805,is2res_total_train_val_test_lmdbs/data/oc22/is2re-total/train/data.0026.lmdb,230
24933,is2res_total_train_val_test_lmdbs/data/oc22/is2re-total/train/data.0026.lmdb,242
75166,is2res_total_train_val_test_lmdbs/data/oc22/is2re-total/train/data.0026.lmdb,362
34755,is2res_total_train_val_test_lmdbs/data/oc22/is2re-total/train/data.0026.lmdb,415
11054,is2res_total_train_val_test_lmdbs/data/oc22/is2re-total/train/data.0026.lmdb,626
31370,is2res_total_train_val_test_lmdbs/data/oc22/is2re-total/train/data.0026.lmdb,683
34038,is2res_total_train_val_test_lmdbs/data/oc22/is2re-total/train/data.0026.lmdb,724
34559,is2res_total_train_val_test_lmdbs/data/oc22/is2re-total/train/data.0026.lmdb,731
34832,is2res_total_train_val_test_lmdbs/data/oc22/is2re-total/train/data.0026.lmdb,774
36157,is2res_total_train_val_test_lmdbs/data/oc22/is2re-total/train/data.0026.lmdb,837
17295,is2res_total_train_val_test_lmdbs/data/oc22/is2re-total/train/data.0026.lmdb,1002
34788,is2res_total_train_val_test_lmdbs/data/oc22/is2re-total/train/data.0026.lmdb,1036
19264,is2res_total_train_val_test_lmdbs/data/oc22/is2re-total/train/data.0027.lmdb,0
10970,is2res_total_train_val_test_lmdbs/data/oc22/is2re-total/train/data.0027.lmdb,37
7067,is2res_total_train_val_test_lmdbs/data/oc22/is2re-total/train/data.0027.lmdb,68
3829,is2res_total_train_val_test_lmdbs/data/oc22/is2re-total/train/data.0027.lmdb,124
42108,is2res_total_train_val_test_lmdbs/data/oc22/is2re-total/train/data.0027.lmdb,281
3622,is2res_total_train_val_test_lmdbs/data/oc22/is2re-total/train/data.0027.lmdb,329
33803,is2res_total_train_val_test_lmdbs/data/oc22/is2re-total/train/data.0027.lmdb,352
38551,is2res_total_train_val_test_lmdbs/data/oc22/is2re-total/train/data.0027.lmdb,523
14837,is2res_total_train_val_test_lmdbs/data/oc22/is2re-total/train/data.0027.lmdb,938
7164,is2res_total_train_val_test_lmdbs/data/oc22/is2re-total/train/data.0027.lmdb,996
9938,is2res_total_train_val_test_lmdbs/data/oc22/is2re-total/train/data.0027.lmdb,1083
75941,is2res_total_train_val_test_lmdbs/data/oc22/is2re-total/train/data.0028.lmdb,75
23772,is2res_total_train_val_test_lmdbs/data/oc22/is2re-total/train/data.0028.lmdb,361
17506,is2res_total_train_val_test_lmdbs/data/oc22/is2re-total/train/data.0028.lmdb,589
2171,is2res_total_train_val_test_lmdbs/data/oc22/is2re-total/train/data.0028.lmdb,721
3126,is2res_total_train_val_test_lmdbs/data/oc22/is2re-total/train/data.0028.lmdb,734
41705,is2res_total_train_val_test_lmdbs/data/oc22/is2re-total/train/data.0028.lmdb,873
41774,is2res_total_train_val_test_lmdbs/data/oc22/is2re-total/train/data.0028.lmdb,1053
7606,is2res_total_train_val_test_lmdbs/data/oc22/is2re-total/train/data.0029.lmdb,81
14401,is2res_total_train_val_test_lmdbs/data/oc22/is2re-total/train/data.0029.lmdb,119
75879,is2res_total_train_val_test_lmdbs/data/oc22/is2re-total/train/data.0029.lmdb,154
74742,is2res_total_train_val_test_lmdbs/data/oc22/is2re-total/train/data.0029.lmdb,207
3387,is2res_total_train_val_test_lmdbs/data/oc22/is2re-total/train/data.0029.lmdb,426
72831,is2res_total_train_val_test_lmdbs/data/oc22/is2re-total/train/data.0029.lmdb,527
32297,is2res_total_train_val_test_lmdbs/data/oc22/is2re-total/train/data.0029.lmdb,1068
25632,is2res_total_train_val_test_lmdbs/data/oc22/is2re-total/train/data.0030.lmdb,63
42829,is2res_total_train_val_test_lmdbs/data/oc22/is2re-total/train/data.0030.lmdb,83
25548,is2res_total_train_val_test_lmdbs/data/oc22/is2re-total/train/data.0030.lmdb,171
7711,is2res_total_train_val_test_lmdbs/data/oc22/is2re-total/train/data.0030.lmdb,323
26054,is2res_total_train_val_test_lmdbs/data/oc22/is2re-total/train/data.0030.lmdb,380
73284,is2res_total_train_val_test_lmdbs/data/oc22/is2re-total/train/data.0030.lmdb,407
38372,is2res_total_train_val_test_lmdbs/data/oc22/is2re-total/train/data.0030.lmdb,550
20074,is2res_total_train_val_test_lmdbs/data/oc22/is2re-total/train/data.0030.lmdb,640
8294,is2res_total_train_val_test_lmdbs/data/oc22/is2re-total/train/data.0030.lmdb,652
20383,is2res_total_train_val_test_lmdbs/data/oc22/is2re-total/train/data.0030.lmdb,967
16032,is2res_total_train_val_test_lmdbs/data/oc22/is2re-total/train/data.0030.lmdb,983
15583,is2res_total_train_val_test_lmdbs/data/oc22/is2re-total/train/data.0030.lmdb,1030
3975,is2res_total_train_val_test_lmdbs/data/oc22/is2re-total/train/data.0030.lmdb,1086
40649,is2res_total_train_val_test_lmdbs/data/oc22/is2re-total/train/data.0030.lmdb,1108
1000,is2res_total_train_val_test_lmdbs/data/oc22/is2re-total/train/data.0031.lmdb,161
1858,is2res_total_train_val_test_lmdbs/data/oc22/is2re-total/train/data.0031.lmdb,169
13399,is2res_total_train_val_test_lmdbs/data/oc22/is2re-total/train/data.0031.lmdb,219
16100,is2res_total_train_val_test_lmdbs/data/oc22/is2re-total/train/data.0031.lmdb,252
75172,is2res_total_train_val_test_lmdbs/data/oc22/is2re-total/train/data.0031.lmdb,314
73018,is2res_total_train_val_test_lmdbs/data/oc22/is2re-total/train/data.0031.lmdb,406
44897,is2res_total_train_val_test_lmdbs/data/oc22/is2re-total/train/data.0031.lmdb,410
35790,is2res_total_train_val_test_lmdbs/data/oc22/is2re-total/train/data.0031.lmdb,459
23482,is2res_total_train_val_test_lmdbs/data/oc22/is2re-total/train/data.0031.lmdb,635
23901,is2res_total_train_val_test_lmdbs/data/oc22/is2re-total/train/data.0031.lmdb,649
19519,is2res_total_train_val_test_lmdbs/data/oc22/is2re-total/train/data.0031.lmdb,661
6568,is2res_total_train_val_test_lmdbs/data/oc22/is2re-total/train/data.0031.lmdb,685
30885,is2res_total_train_val_test_lmdbs/data/oc22/is2re-total/train/data.0031.lmdb,849
24245,is2res_total_train_val_test_lmdbs/data/oc22/is2re-total/train/data.0031.lmdb,911
43686,is2res_total_train_val_test_lmdbs/data/oc22/is2re-total/train/data.0031.lmdb,1019
40023,is2res_total_train_val_test_lmdbs/data/oc22/is2re-total/train/data.0032.lmdb,27
27297,is2res_total_train_val_test_lmdbs/data/oc22/is2re-total/train/data.0032.lmdb,155
25379,is2res_total_train_val_test_lmdbs/data/oc22/is2re-total/train/data.0032.lmdb,177
42608,is2res_total_train_val_test_lmdbs/data/oc22/is2re-total/train/data.0032.lmdb,195
27736,is2res_total_train_val_test_lmdbs/data/oc22/is2re-total/train/data.0032.lmdb,258
24464,is2res_total_train_val_test_lmdbs/data/oc22/is2re-total/train/data.0032.lmdb,473
24861,is2res_total_train_val_test_lmdbs/data/oc22/is2re-total/train/data.0032.lmdb,521
24885,is2res_total_train_val_test_lmdbs/data/oc22/is2re-total/train/data.0032.lmdb,561
10678,is2res_total_train_val_test_lmdbs/data/oc22/is2re-total/train/data.0032.lmdb,569
69431,is2res_total_train_val_test_lmdbs/data/oc22/is2re-total/train/data.0032.lmdb,582
73658,is2res_total_train_val_test_lmdbs/data/oc22/is2re-total/train/data.0032.lmdb,871
6272,is2res_total_train_val_test_lmdbs/data/oc22/is2re-total/train/data.0033.lmdb,48
33531,is2res_total_train_val_test_lmdbs/data/oc22/is2re-total/train/data.0033.lmdb,118
76554,is2res_total_train_val_test_lmdbs/data/oc22/is2re-total/train/data.0033.lmdb,124
7096,is2res_total_train_val_test_lmdbs/data/oc22/is2re-total/train/data.0033.lmdb,144
68533,is2res_total_train_val_test_lmdbs/data/oc22/is2re-total/train/data.0033.lmdb,175
75029,is2res_total_train_val_test_lmdbs/data/oc22/is2re-total/train/data.0033.lmdb,291
30579,is2res_total_train_val_test_lmdbs/data/oc22/is2re-total/train/data.0033.lmdb,554
21315,is2res_total_train_val_test_lmdbs/data/oc22/is2re-total/train/data.0033.lmdb,557
26005,is2res_total_train_val_test_lmdbs/data/oc22/is2re-total/train/data.0033.lmdb,708
11840,is2res_total_train_val_test_lmdbs/data/oc22/is2re-total/train/data.0033.lmdb,714
26740,is2res_total_train_val_test_lmdbs/data/oc22/is2re-total/train/data.0033.lmdb,720
32490,is2res_total_train_val_test_lmdbs/data/oc22/is2re-total/train/data.0033.lmdb,786
37768,is2res_total_train_val_test_lmdbs/data/oc22/is2re-total/train/data.0033.lmdb,819
24432,is2res_total_train_val_test_lmdbs/data/oc22/is2re-total/train/data.0033.lmdb,821
39152,is2res_total_train_val_test_lmdbs/data/oc22/is2re-total/train/data.0033.lmdb,969
44234,is2res_total_train_val_test_lmdbs/data/oc22/is2re-total/train/data.0033.lmdb,1032
11017,is2res_total_train_val_test_lmdbs/data/oc22/is2re-total/train/data.0034.lmdb,6
72566,is2res_total_train_val_test_lmdbs/data/oc22/is2re-total/train/data.0034.lmdb,64
24381,is2res_total_train_val_test_lmdbs/data/oc22/is2re-total/train/data.0034.lmdb,152
44497,is2res_total_train_val_test_lmdbs/data/oc22/is2re-total/train/data.0034.lmdb,183
32204,is2res_total_train_val_test_lmdbs/data/oc22/is2re-total/train/data.0034.lmdb,233
27369,is2res_total_train_val_test_lmdbs/data/oc22/is2re-total/train/data.0034.lmdb,264
31358,is2res_total_train_val_test_lmdbs/data/oc22/is2re-total/train/data.0034.lmdb,584
19939,is2res_total_train_val_test_lmdbs/data/oc22/is2re-total/train/data.0034.lmdb,698
71955,is2res_total_train_val_test_lmdbs/data/oc22/is2re-total/train/data.0034.lmdb,712
42089,is2res_total_train_val_test_lmdbs/data/oc22/is2re-total/train/data.0034.lmdb,716
73717,is2res_total_train_val_test_lmdbs/data/oc22/is2re-total/train/data.0034.lmdb,804
31672,is2res_total_train_val_test_lmdbs/data/oc22/is2re-total/train/data.0034.lmdb,950
12264,is2res_total_train_val_test_lmdbs/data/oc22/is2re-total/train/data.0034.lmdb,972
40899,is2res_total_train_val_test_lmdbs/data/oc22/is2re-total/train/data.0034.lmdb,977
1584,is2res_total_train_val_test_lmdbs/data/oc22/is2re-total/train/data.0034.lmdb,1054
40010,is2res_total_train_val_test_lmdbs/data/oc22/is2re-total/train/data.0034.lmdb,1088
75643,is2res_total_train_val_test_lmdbs/data/oc22/is2re-total/train/data.0035.lmdb,69
18510,is2res_total_train_val_test_lmdbs/data/oc22/is2re-total/train/data.0035.lmdb,205
3318,is2res_total_train_val_test_lmdbs/data/oc22/is2re-total/train/data.0035.lmdb,294
22262,is2res_total_train_val_test_lmdbs/data/oc22/is2re-total/train/data.0035.lmdb,328
34076,is2res_total_train_val_test_lmdbs/data/oc22/is2re-total/train/data.0035.lmdb,430
7129,is2res_total_train_val_test_lmdbs/data/oc22/is2re-total/train/data.0035.lmdb,760
38343,is2res_total_train_val_test_lmdbs/data/oc22/is2re-total/train/data.0035.lmdb,786
42527,is2res_total_train_val_test_lmdbs/data/oc22/is2re-total/train/data.0035.lmdb,842
4276,is2res_total_train_val_test_lmdbs/data/oc22/is2re-total/train/data.0035.lmdb,888
28327,is2res_total_train_val_test_lmdbs/data/oc22/is2re-total/train/data.0035.lmdb,973
71777,is2res_total_train_val_test_lmdbs/data/oc22/is2re-total/train/data.0035.lmdb,1027
6469,is2res_total_train_val_test_lmdbs/data/oc22/is2re-total/train/data.0035.lmdb,1063
39494,is2res_total_train_val_test_lmdbs/data/oc22/is2re-total/train/data.0036.lmdb,35
35867,is2res_total_train_val_test_lmdbs/data/oc22/is2re-total/train/data.0036.lmdb,204
5023,is2res_total_train_val_test_lmdbs/data/oc22/is2re-total/train/data.0036.lmdb,325
21467,is2res_total_train_val_test_lmdbs/data/oc22/is2re-total/train/data.0036.lmdb,529
25071,is2res_total_train_val_test_lmdbs/data/oc22/is2re-total/train/data.0036.lmdb,647
82477,is2res_total_train_val_test_lmdbs/data/oc22/is2re-total/train/data.0036.lmdb,695
70646,is2res_total_train_val_test_lmdbs/data/oc22/is2re-total/train/data.0036.lmdb,736
14533,is2res_total_train_val_test_lmdbs/data/oc22/is2re-total/train/data.0036.lmdb,738
4962,is2res_total_train_val_test_lmdbs/data/oc22/is2re-total/train/data.0036.lmdb,745
7009,is2res_total_train_val_test_lmdbs/data/oc22/is2re-total/train/data.0037.lmdb,326
36323,is2res_total_train_val_test_lmdbs/data/oc22/is2re-total/train/data.0037.lmdb,548
75064,is2res_total_train_val_test_lmdbs/data/oc22/is2re-total/train/data.0037.lmdb,563
39790,is2res_total_train_val_test_lmdbs/data/oc22/is2re-total/train/data.0037.lmdb,601
73496,is2res_total_train_val_test_lmdbs/data/oc22/is2re-total/train/data.0037.lmdb,662
15366,is2res_total_train_val_test_lmdbs/data/oc22/is2re-total/train/data.0037.lmdb,772
77746,is2res_total_train_val_test_lmdbs/data/oc22/is2re-total/train/data.0037.lmdb,838
69894,is2res_total_train_val_test_lmdbs/data/oc22/is2re-total/train/data.0037.lmdb,868
76839,is2res_total_train_val_test_lmdbs/data/oc22/is2re-total/train/data.0037.lmdb,927
71906,is2res_total_train_val_test_lmdbs/data/oc22/is2re-total/train/data.0038.lmdb,72
17298,is2res_total_train_val_test_lmdbs/data/oc22/is2re-total/train/data.0038.lmdb,85
21933,is2res_total_train_val_test_lmdbs/data/oc22/is2re-total/train/data.0038.lmdb,128
40235,is2res_total_train_val_test_lmdbs/data/oc22/is2re-total/train/data.0038.lmdb,752
8326,is2res_total_train_val_test_lmdbs/data/oc22/is2re-total/train/data.0038.lmdb,882
16533,is2res_total_train_val_test_lmdbs/data/oc22/is2re-total/train/data.0038.lmdb,997
9557,is2res_total_train_val_test_lmdbs/data/oc22/is2re-total/train/data.0038.lmdb,1107
74645,is2res_total_train_val_test_lmdbs/data/oc22/is2re-total/train/data.0039.lmdb,13
36012,is2res_total_train_val_test_lmdbs/data/oc22/is2re-total/train/data.0039.lmdb,211
16665,is2res_total_train_val_test_lmdbs/data/oc22/is2re-total/train/data.0039.lmdb,288
22384,is2res_total_train_val_test_lmdbs/data/oc22/is2re-total/train/data.0039.lmdb,342
70767,is2res_total_train_val_test_lmdbs/data/oc22/is2re-total/train/data.0039.lmdb,344
21196,is2res_total_train_val_test_lmdbs/data/oc22/is2re-total/train/data.0039.lmdb,501
11033,is2res_total_train_val_test_lmdbs/data/oc22/is2re-total/train/data.0039.lmdb,517
22080,is2res_total_train_val_test_lmdbs/data/oc22/is2re-total/train/data.0039.lmdb,625
37986,is2res_total_train_val_test_lmdbs/data/oc22/is2re-total/train/data.0039.lmdb,627
2018,is2res_total_train_val_test_lmdbs/data/oc22/is2re-total/train/data.0039.lmdb,853
27186,is2res_total_train_val_test_lmdbs/data/oc22/is2re-total/train/data.0040.lmdb,96
11477,is2res_total_train_val_test_lmdbs/data/oc22/is2re-total/train/data.0040.lmdb,100
24257,is2res_total_train_val_test_lmdbs/data/oc22/is2re-total/train/data.0040.lmdb,122
31889,is2res_total_train_val_test_lmdbs/data/oc22/is2re-total/train/data.0040.lmdb,251
36817,is2res_total_train_val_test_lmdbs/data/oc22/is2re-total/train/data.0040.lmdb,501
30692,is2res_total_train_val_test_lmdbs/data/oc22/is2re-total/train/data.0040.lmdb,841
73178,is2res_total_train_val_test_lmdbs/data/oc22/is2re-total/train/data.0040.lmdb,1085
78064,is2res_total_train_val_test_lmdbs/data/oc22/is2re-total/val_id/data.0005.lmdb,5
82678,is2res_total_train_val_test_lmdbs/data/oc22/is2re-total/val_id/data.0007.lmdb,23
19080,is2res_total_train_val_test_lmdbs/data/oc22/is2re-total/val_id/data.0008.lmdb,15
28953,is2res_total_train_val_test_lmdbs/data/oc22/is2re-total/val_id/data.0011.lmdb,19
31223,is2res_total_train_val_test_lmdbs/data/oc22/is2re-total/val_id/data.0015.lmdb,45
27865,is2res_total_train_val_test_lmdbs/data/oc22/is2re-total/val_id/data.0018.lmdb,17
28906,is2res_total_train_val_test_lmdbs/data/oc22/is2re-total/val_id/data.0020.lmdb,57
78490,is2res_total_train_val_test_lmdbs/data/oc22/is2re-total/val_id/data.0022.lmdb,34
29668,is2res_total_train_val_test_lmdbs/data/oc22/is2re-total/val_id/data.0026.lmdb,12
42628,is2res_total_train_val_test_lmdbs/data/oc22/is2re-total/val_id/data.0027.lmdb,37
34581,is2res_total_train_val_test_lmdbs/data/oc22/is2re-total/val_id/data.0027.lmdb,52
9571,is2res_total_train_val_test_lmdbs/data/oc22/is2re-total/val_id/data.0032.lmdb,51
4436,is2res_total_train_val_test_lmdbs/data/oc22/is2re-total/val_id/data.0039.lmdb,44
70327,is2res_total_train_val_test_lmdbs/data/oc22/is2re-total/val_id/data.0040.lmdb,24
73228,is2res_total_train_val_test_lmdbs/data/oc22/is2re-total/val_ood/data.0002.lmdb,61
74463,is2res_total_train_val_test_lmdbs/data/oc22/is2re-total/val_ood/data.0004.lmdb,60
16268,is2res_total_train_val_test_lmdbs/data/oc22/is2re-total/val_ood/data.0006.lmdb,41
38380,is2res_total_train_val_test_lmdbs/data/oc22/is2re-total/val_ood/data.0007.lmdb,58
71731,is2res_total_train_val_test_lmdbs/data/oc22/is2re-total/val_ood/data.0008.lmdb,32
35297,is2res_total_train_val_test_lmdbs/data/oc22/is2re-total/val_ood/data.0012.lmdb,7
25640,is2res_total_train_val_test_lmdbs/data/oc22/is2re-total/val_ood/data.0012.lmdb,66
1525,is2res_total_train_val_test_lmdbs/data/oc22/is2re-total/val_ood/data.0013.lmdb,48
15686,is2res_total_train_val_test_lmdbs/data/oc22/is2re-total/val_ood/data.0014.lmdb,34
27979,is2res_total_train_val_test_lmdbs/data/oc22/is2re-total/val_ood/data.0015.lmdb,26
71666,is2res_total_train_val_test_lmdbs/data/oc22/is2re-total/val_ood/data.0017.lmdb,45
69798,is2res_total_train_val_test_lmdbs/data/oc22/is2re-total/val_ood/data.0018.lmdb,16
71186,is2res_total_train_val_test_lmdbs/data/oc22/is2re-total/val_ood/data.0019.lmdb,7
5588,is2res_total_train_val_test_lmdbs/data/oc22/is2re-total/val_ood/data.0023.lmdb,32
32465,is2res_total_train_val_test_lmdbs/data/oc22/is2re-total/val_ood/data.0025.lmdb,45
28582,is2res_total_train_val_test_lmdbs/data/oc22/is2re-total/val_ood/data.0026.lmdb,7
2248,is2res_total_train_val_test_lmdbs/data/oc22/is2re-total/val_ood/data.0026.lmdb,65
35244,is2res_total_train_val_test_lmdbs/data/oc22/is2re-total/val_ood/data.0034.lmdb,5
72010,is2res_total_train_val_test_lmdbs/data/oc22/is2re-total/val_ood/data.0034.lmdb,25
3696,is2res_total_train_val_test_lmdbs/data/oc22/is2re-total/val_ood/data.0036.lmdb,26
25281,is2res_total_train_val_test_lmdbs/data/oc22/is2re-total/val_ood/data.0036.lmdb,37
76329,is2res_total_train_val_test_lmdbs/data/oc22/is2re-total/val_ood/data.0038.lmdb,37
8967,is2res_total_train_val_test_lmdbs/data/oc22/is2re-total/val_ood/data.0038.lmdb,45
70799,is2res_total_train_val_test_lmdbs/data/oc22/is2re-total/val_ood/data.0039.lmdb,45
45807,is2res_total_train_val_test_lmdbs/data/oc22/is2re-total/val_ood/data.0040.lmdb,31
